{
    "loss": 0.11000186949968338,
    "accuracy": 0.9607843160629272
}