{
    "loss": 0.07875171303749084,
    "accuracy": 0.9607843160629272
}